PassengerId,Survived,Sex,Age,FareLog,Title,Pclass,HasCabin,FamilySize,Embarked
1,0,male,22.0,2.1102132003465894,Mr,3,0,2,S
2,1,female,38.0,4.2805931204649,Mrs,1,1,2,C
3,1,female,26.0,2.188856327665703,Miss,3,0,1,S
4,1,female,35.0,3.9908341858524357,Mrs,1,1,2,S
5,0,male,35.0,2.2027647577118348,Mr,3,0,1,S
6,0,male,25.0,2.246892662898172,Mr,3,0,1,Q
7,0,male,54.0,3.967694202798607,Mr,1,1,1,S
8,0,male,2.0,3.0944457464900235,Master,3,0,5,S
9,1,female,27.0,2.495953738718064,Mrs,3,0,3,S
10,1,female,14.0,3.436268471383741,Mrs,2,0,2,C
11,1,female,4.0,2.8735646395797834,Miss,3,1,3,S
12,1,female,58.0,3.3160025355989236,Miss,1,1,1,S
13,0,male,20.0,2.2027647577118348,Mr,3,0,1,S
14,0,male,39.0,3.4742929367327062,Mr,3,0,7,S
15,0,female,14.0,2.180891922715322,Miss,3,0,1,S
16,1,female,55.0,2.833213344056216,Mrs,2,0,1,S
17,0,male,2.0,3.405355391810819,Master,3,0,6,Q
18,1,male,30.0,2.6390573296152584,Mr,2,0,1,S
19,0,female,31.0,2.9444389791664403,Mrs,3,0,2,S
20,1,female,21.5,2.1071782966514356,Mrs,3,0,1,C
21,0,male,35.0,3.295836866004329,Mr,2,0,1,S
22,1,male,34.0,2.6390573296152584,Mr,2,1,1,S
23,1,female,15.0,2.2004637699272855,Miss,3,0,1,Q
24,1,male,28.0,3.597312260588446,Mr,1,1,1,S
25,0,female,8.0,3.0944457464900235,Miss,3,0,5,S
26,1,female,38.0,3.4777725458882283,Mrs,3,0,7,S
27,0,male,25.0,2.1071782966514356,Mr,3,0,1,C
28,0,male,19.0,5.575949103146316,Mr,1,1,6,S
29,1,female,21.5,2.1837114628556327,Miss,3,0,1,Q
30,0,male,25.0,2.1855792552411137,Mr,3,0,1,S
31,0,male,40.0,3.357621598945279,Rare,1,0,1,C
32,1,female,35.0,4.993969182787072,Mrs,1,1,2,C
33,1,female,21.5,2.169053700369523,Miss,3,0,1,Q
34,0,male,66.0,2.4423470353692043,Mr,2,0,1,S
35,0,male,28.0,4.420896324687287,Mr,1,0,2,C
36,0,male,42.0,3.970291913552122,Mr,1,0,2,S
37,1,male,25.0,2.1076888046179385,Mr,3,0,1,C
38,0,male,21.0,2.2027647577118348,Mr,3,0,1,S
39,0,female,18.0,2.9444389791664403,Miss,3,0,3,S
40,1,female,14.0,2.5048481563289,Miss,3,0,2,C
41,0,female,40.0,2.348991465808201,Mrs,3,0,2,S
42,0,female,27.0,3.091042453358316,Mrs,2,0,2,S
43,0,male,25.0,2.1855792552411137,Mr,3,0,1,C
44,1,female,3.0,3.7513658711253766,Miss,2,0,4,C
45,1,female,19.0,2.1837114628556327,Miss,3,0,1,Q
46,0,male,25.0,2.2027647577118348,Mr,3,0,1,S
47,0,male,25.0,2.803360380906535,Mr,3,0,2,Q
48,1,female,21.5,2.169053700369523,Miss,3,0,1,Q
49,0,male,25.0,3.1214482048688246,Mr,3,0,3,C
50,0,female,18.0,2.9338568698359038,Mrs,3,0,2,S
51,0,male,7.0,3.705920919968788,Master,3,0,6,S
52,0,male,21.0,2.174751721484161,Mr,3,0,1,S
53,1,female,49.0,4.353230991152628,Mrs,1,1,2,C
54,1,female,29.0,3.295836866004329,Mrs,2,0,2,S
55,0,male,65.0,4.142804513146981,Mr,1,1,2,C
56,1,male,40.0,3.597312260588446,Mr,1,1,1,S
57,1,female,21.0,2.4423470353692043,Miss,2,0,1,S
58,0,male,28.5,2.1076888046179385,Mr,3,0,1,C
59,1,female,5.0,3.3586377672433594,Miss,2,0,4,S
60,0,male,11.0,3.8691155044168695,Master,3,0,8,S
61,0,male,22.0,2.1076888046179385,Mr,3,0,1,C
62,1,female,38.0,4.394449154672439,Miss,1,1,1,S
63,0,male,45.0,4.436455632600354,Mr,1,1,2,S
64,0,male,4.0,3.3638415951183864,Master,3,0,6,S
65,0,male,40.0,3.357621598945279,Mr,1,0,1,C
66,1,male,25.0,2.7878344138303452,Master,3,0,3,C
67,1,female,29.0,2.4423470353692043,Mrs,2,1,1,S
68,0,male,19.0,2.2146605719425225,Mr,3,0,1,S
69,1,female,17.0,2.188856327665703,Miss,3,0,7,S
70,0,male,26.0,2.2682524139135403,Mr,3,0,3,S
71,0,male,32.0,2.4423470353692043,Mr,2,0,1,S
72,0,female,16.0,3.8691155044168695,Miss,3,0,8,S
73,0,male,21.0,4.310799125385514,Mr,2,0,1,S
74,0,male,26.0,2.737880811060884,Mr,3,0,2,C
75,1,male,32.0,4.05171190165724,Mr,3,0,1,S
76,0,male,25.0,2.157559320943788,Mr,3,1,1,S
77,0,male,25.0,2.1855792552411137,Mr,3,0,1,S
78,0,male,25.0,2.2027647577118348,Mr,3,0,1,S
79,1,male,0.83,3.4011973816621555,Master,2,0,3,S
80,1,female,30.0,2.600836116795061,Miss,3,0,1,S
81,0,male,22.0,2.302585092994046,Mr,3,0,1,S
82,1,male,29.0,2.3513752571634776,Mr,3,0,1,S
83,1,female,21.5,2.1733302571367834,Miss,3,0,1,Q
84,0,male,28.0,3.8732821771117156,Mr,1,0,1,S
85,1,female,17.0,2.4423470353692043,Miss,2,0,1,S
86,1,female,33.0,2.8243506567983707,Mrs,3,0,4,S
87,0,male,16.0,3.5660053559634015,Mr,3,0,5,S
88,0,male,25.0,2.2027647577118348,Mr,3,0,1,S
89,1,female,23.0,5.575949103146316,Miss,1,1,6,S
90,0,male,24.0,2.2027647577118348,Mr,3,0,1,S
91,0,male,29.0,2.2027647577118348,Mr,3,0,1,S
92,0,male,20.0,2.180891922715322,Mr,3,0,1,S
93,0,male,46.0,4.1299529896894684,Mr,1,1,2,S
94,0,male,26.0,3.0715352369694915,Mr,3,0,4,S
95,0,male,59.0,2.1102132003465894,Mr,3,0,1,S
96,0,male,25.0,2.2027647577118348,Mr,3,0,1,S
97,0,male,71.0,3.57386695198272,Mr,1,1,1,C
98,1,male,23.0,4.164465907853638,Mr,1,1,2,C
99,1,female,34.0,3.1780538303479458,Mrs,2,0,2,S
100,0,male,34.0,3.295836866004329,Mr,2,0,2,S
101,0,female,28.0,2.1855792552411137,Miss,3,0,1,S
102,0,male,25.0,2.1855792552411137,Mr,3,0,1,S
103,0,male,21.0,4.360387947851531,Mr,1,1,2,S
104,0,male,33.0,2.267393053825037,Mr,3,0,1,S
105,0,male,37.0,2.188856327665703,Mr,3,0,3,S
106,0,male,28.0,2.1855792552411137,Mr,3,0,1,S
107,1,female,21.0,2.157559320943788,Miss,3,0,1,S
108,1,male,25.0,2.1719067693519296,Mr,3,0,1,S
109,0,male,38.0,2.1855792552411137,Mr,3,0,1,S
110,1,female,21.5,3.224857896545748,Miss,3,0,2,Q
111,0,male,47.0,3.970291913552122,Mr,1,1,1,S
112,0,female,14.5,2.737880811060884,Miss,3,0,2,C
113,0,male,22.0,2.2027647577118348,Mr,3,0,1,S
114,0,female,20.0,2.3818582738885534,Miss,3,0,2,S
115,0,female,17.0,2.738146075922933,Miss,3,0,1,C
116,0,male,21.0,2.188856327665703,Mr,3,0,1,S
117,0,male,70.5,2.169053700369523,Mr,3,0,1,Q
118,0,male,29.0,3.091042453358316,Mr,2,0,2,S
119,0,male,24.0,5.515526544247129,Mr,1,1,2,C
120,0,female,2.0,3.4742929367327062,Miss,3,0,7,S
121,0,male,21.0,4.310799125385514,Mr,2,0,3,S
122,0,male,25.0,2.2027647577118348,Mr,3,0,1,S
123,0,male,32.5,3.436268471383741,Mr,2,0,2,C
124,1,female,32.5,2.6390573296152584,Miss,2,1,1,S
125,0,male,54.0,4.360387947851531,Mr,1,1,2,S
126,1,male,12.0,2.5048481563289,Master,3,0,2,C
127,0,male,25.0,2.169053700369523,Mr,3,0,1,Q
128,1,male,24.0,2.0969990034181696,Mr,3,0,1,S
129,1,female,21.5,3.1509523813392697,Miss,3,1,3,C
130,0,male,45.0,2.076311648670908,Mr,3,0,1,S
131,0,male,33.0,2.1855792552411137,Mr,3,0,1,C
132,0,male,20.0,2.0856720914304723,Mr,3,0,1,S
133,0,female,47.0,2.740840023925201,Mrs,3,0,2,S
134,1,female,29.0,3.295836866004329,Mrs,2,0,2,S
135,0,male,25.0,2.6390573296152584,Mr,2,0,1,S
136,0,male,23.0,2.775447133088262,Mr,2,0,1,C
137,1,female,19.0,3.3062747934011893,Miss,1,1,3,S
138,0,male,37.0,3.9908341858524357,Mr,1,1,2,S
139,0,male,16.0,2.3240236363515288,Mr,3,0,1,S
140,0,male,24.0,4.384523514872469,Mr,1,1,1,C
141,0,female,21.5,2.7878344138303452,Mrs,3,0,3,C
142,1,female,22.0,2.169053700369523,Miss,3,0,1,S
143,1,female,24.0,2.8243506567983707,Mrs,3,0,2,S
144,0,male,19.0,2.0476928433652555,Mr,3,0,1,Q
145,0,male,18.0,2.5257286443082556,Mr,2,0,1,S
146,0,male,19.0,3.6309854756950335,Mr,2,0,3,S
147,1,male,27.0,2.174274334826008,Mr,3,0,1,S
148,0,female,9.0,3.5660053559634015,Miss,3,0,5,S
149,0,male,36.5,3.295836866004329,Mr,2,1,3,S
150,0,male,42.0,2.6390573296152584,Rare,2,0,1,S
151,0,male,51.0,2.6045398247325453,Rare,2,0,1,S
152,1,female,22.0,4.213607983048918,Mrs,1,1,2,S
153,0,male,55.5,2.2027647577118348,Mr,3,0,1,S
154,0,male,40.5,2.740840023925201,Mr,3,0,3,S
155,0,male,25.0,2.1177604059819726,Mr,3,0,1,S
156,0,male,51.0,4.133231886474144,Mr,1,0,2,C
157,1,female,16.0,2.167143305297764,Miss,3,0,1,Q
158,0,male,30.0,2.2027647577118348,Mr,3,0,1,S
159,0,male,25.0,2.2682524139135403,Mr,3,0,1,S
160,0,male,25.0,4.256321678298823,Master,3,0,11,S
161,0,male,44.0,2.8390784635086144,Mr,3,0,2,S
162,1,female,40.0,2.8183982582710754,Mrs,2,0,1,S
163,0,male,26.0,2.1719067693519296,Mr,3,0,1,S
164,0,male,17.0,2.2682524139135403,Mr,3,0,1,S
165,0,male,1.0,3.705920919968788,Master,3,0,6,S
166,1,male,9.0,3.0692150503137943,Master,3,0,3,S
167,1,female,35.0,4.02535169073515,Mrs,1,1,2,S
168,0,female,45.0,3.3638415951183864,Mrs,3,0,6,S
169,0,male,40.0,3.2930552230424524,Mr,1,0,1,S
170,0,male,28.0,4.05171190165724,Mr,3,0,1,S
171,0,male,61.0,3.5409593240373143,Mr,1,1,1,S
172,0,male,4.0,3.405355391810819,Master,3,0,6,Q
173,1,female,1.0,2.495953738718064,Miss,3,0,3,S
174,0,male,21.0,2.188856327665703,Mr,3,0,1,S
175,0,male,56.0,3.4561841799918147,Mr,1,1,1,C
176,0,male,18.0,2.180891922715322,Mr,3,0,3,S
177,0,male,25.0,3.275887339030031,Master,3,0,5,S
178,0,female,50.0,3.391567832686312,Miss,1,1,1,C
179,0,male,30.0,2.6390573296152584,Mr,2,0,1,S
180,0,male,36.0,0.0,Mr,3,0,1,S
181,0,female,21.5,4.256321678298823,Miss,3,0,11,S
182,0,male,30.0,2.775708849576025,Mr,2,0,1,C
183,0,male,9.0,3.4777725458882283,Master,3,0,7,S
184,1,male,1.0,3.6888794541139363,Master,2,1,4,S
185,1,female,4.0,3.1365805821413706,Miss,3,0,3,S
186,0,male,40.0,3.9318256327243257,Mr,1,1,1,S
187,1,female,21.5,2.803360380906535,Mrs,3,0,2,Q
188,1,male,45.0,3.3160025355989236,Mr,1,0,1,S
189,0,male,40.0,2.803360380906535,Mr,3,0,3,Q
190,0,male,36.0,2.1855792552411137,Mr,3,0,1,S
191,1,female,32.0,2.6390573296152584,Mrs,2,0,1,S
192,0,male,19.0,2.6390573296152584,Mr,2,0,1,S
193,1,female,19.0,2.180891922715322,Miss,3,0,2,S
194,1,male,3.0,3.295836866004329,Master,2,1,3,S
195,1,female,44.0,3.357621598945279,Mrs,1,1,1,C
196,1,female,58.0,4.993969182787072,Miss,1,1,1,C
197,0,male,25.0,2.169053700369523,Mr,3,0,1,Q
198,0,male,42.0,2.2411563979973974,Mr,3,0,2,S
199,1,female,21.5,2.169053700369523,Miss,3,0,1,Q
200,0,female,24.0,2.6390573296152584,Miss,2,0,1,S
201,0,male,28.0,2.3513752571634776,Mr,3,0,1,S
202,0,male,25.0,4.256321678298823,Mr,3,0,11,S
203,0,male,34.0,2.0143428636837015,Mr,3,0,1,S
204,0,male,45.5,2.1071782966514356,Mr,3,0,1,C
205,1,male,18.0,2.2027647577118348,Mr,3,0,1,S
206,0,female,2.0,2.4390808375825834,Miss,3,1,2,S
207,0,male,32.0,2.8243506567983707,Mr,3,0,2,S
208,1,male,26.0,2.9850504252071306,Mr,3,0,1,C
209,1,female,16.0,2.169053700369523,Miss,3,0,1,Q
210,1,male,40.0,3.4657359027997265,Mr,1,1,1,C
211,0,male,24.0,2.0856720914304723,Mr,3,0,1,S
212,1,female,35.0,3.091042453358316,Miss,2,0,1,S
213,0,male,22.0,2.1102132003465894,Mr,3,0,1,S
214,0,male,30.0,2.6390573296152584,Mr,2,0,1,S
215,0,male,25.0,2.169053700369523,Mr,3,0,2,Q
216,1,female,31.0,4.738607824217808,Miss,1,1,2,C
217,1,female,27.0,2.188856327665703,Miss,3,0,1,S
218,0,male,42.0,3.332204510175204,Mr,2,0,2,S
219,1,female,32.0,4.347586575960343,Miss,1,1,1,C
220,0,male,30.0,2.4423470353692043,Mr,2,0,1,S
221,1,male,16.0,2.2027647577118348,Mr,3,0,1,S
222,0,male,27.0,2.6390573296152584,Mr,2,0,1,S
223,0,male,51.0,2.2027647577118348,Mr,3,0,1,S
224,0,male,25.0,2.1855792552411137,Mr,3,0,1,S
225,1,male,38.0,4.51085950651685,Mr,1,1,2,S
226,0,male,22.0,2.336986519711378,Mr,3,0,1,S
227,1,male,19.0,2.4423470353692043,Mr,2,0,1,S
228,0,male,20.5,2.1102132003465894,Mr,3,0,1,S
229,0,male,18.0,2.6390573296152584,Mr,2,0,1,S
230,0,female,21.5,3.275887339030031,Miss,3,0,5,S
231,1,female,35.0,4.436455632600354,Mrs,1,1,2,S
232,0,male,29.0,2.1719067693519296,Mr,3,0,1,S
233,0,male,59.0,2.6741486494265287,Mr,2,0,1,S
234,1,female,5.0,3.4777725458882283,Miss,3,0,7,S
235,0,male,24.0,2.4423470353692043,Mr,2,0,1,S
236,0,female,21.5,2.145931282948669,Miss,3,0,1,S
237,0,male,44.0,3.295836866004329,Mr,2,0,2,S
238,1,female,8.0,3.305053521109253,Miss,2,0,3,S
239,0,male,19.0,2.4423470353692043,Mr,2,0,1,S
240,0,male,33.0,2.5858825671280026,Mr,2,0,1,S
241,0,female,21.5,2.737880811060884,Miss,3,0,2,C
242,1,female,21.5,2.803360380906535,Miss,3,0,2,Q
243,0,male,29.0,2.4423470353692043,Mr,2,0,1,S
244,0,male,22.0,2.094945728215801,Mr,3,0,1,S
245,0,male,30.0,2.1071782966514356,Mr,3,0,1,C
246,0,male,44.0,4.51085950651685,Rare,1,1,3,Q
247,0,female,25.0,2.1719067693519296,Miss,3,0,1,S
248,1,female,24.0,2.740840023925201,Mrs,2,0,3,S
249,1,male,37.0,3.9806942251907276,Mr,1,1,3,S
250,0,male,54.0,3.295836866004329,Rare,2,0,2,S
251,0,male,25.0,2.1102132003465894,Mr,3,0,1,S
252,0,female,29.0,2.4390808375825834,Mrs,3,1,3,S
253,0,male,62.0,3.3160025355989236,Mr,1,1,1,S
254,0,male,30.0,2.8390784635086144,Mr,3,0,2,S
255,0,female,41.0,3.0545906305603445,Mrs,3,0,3,S
256,1,female,29.0,2.7878344138303452,Mrs,3,0,3,C
257,1,female,35.0,4.384523514872469,Mrs,1,0,1,C
258,1,female,30.0,4.471638793363569,Miss,1,1,1,S
259,1,female,35.0,6.240917354759096,Miss,1,0,1,C
260,1,female,50.0,3.295836866004329,Mrs,2,0,2,S
261,0,male,25.0,2.169053700369523,Mr,3,0,1,Q
262,1,male,3.0,3.4777725458882283,Master,3,0,7,S
263,0,male,52.0,4.390118804571218,Mr,1,1,3,S
264,0,male,40.0,0.0,Mr,1,1,1,S
265,0,female,21.5,2.169053700369523,Miss,3,0,1,Q
266,0,male,36.0,2.4423470353692043,Mr,2,0,1,S
267,0,male,16.0,3.705920919968788,Mr,3,0,6,S
268,1,male,25.0,2.1719067693519296,Mr,3,0,2,S
269,1,female,58.0,5.039951348430309,Mrs,1,1,2,S
270,1,female,35.0,4.91730069488021,Miss,1,1,1,S
271,0,male,40.0,3.4657359027997265,Mr,1,0,1,S
272,1,male,25.0,0.0,Mr,3,0,1,S
273,1,female,41.0,3.0204248861443626,Mrs,2,0,2,S
274,0,male,37.0,3.4242626545931514,Mr,1,1,2,C
275,1,female,21.5,2.169053700369523,Miss,3,0,1,Q
276,1,female,63.0,4.368919865004903,Miss,1,1,2,S
277,0,female,45.0,2.169053700369523,Miss,3,0,1,S
278,0,male,30.0,0.0,Mr,2,0,1,S
279,0,male,7.0,3.405355391810819,Master,3,0,6,Q
280,1,female,35.0,3.056356895370426,Mrs,3,0,3,S
281,0,male,65.0,2.169053700369523,Mr,3,0,1,Q
282,0,male,28.0,2.180891922715322,Mr,3,0,1,S
283,0,male,16.0,2.3513752571634776,Mr,3,0,1,S
284,1,male,19.0,2.2027647577118348,Mr,3,0,1,S
285,0,male,40.0,3.295836866004329,Mr,1,1,1,S
286,0,male,33.0,2.2682524139135403,Mr,3,0,1,C
287,1,male,30.0,2.3513752571634776,Mr,3,0,1,S
288,0,male,22.0,2.1855792552411137,Mr,3,0,1,S
289,1,male,42.0,2.6390573296152584,Mr,2,0,1,S
290,1,female,22.0,2.169053700369523,Miss,3,0,1,Q
291,1,female,26.0,4.380149874661021,Miss,1,0,1,S
292,1,female,19.0,4.5226490762785785,Mrs,1,1,2,C
293,0,male,36.0,2.630088659632498,Mr,2,1,1,C
294,0,female,24.0,2.2874714551839976,Miss,3,0,1,S
295,0,male,24.0,2.1855792552411137,Mr,3,0,1,S
296,0,male,40.0,3.357621598945279,Mr,1,0,1,C
297,0,male,23.5,2.1076888046179385,Mr,3,0,1,C
298,0,female,2.0,5.027492411162679,Miss,1,1,4,S
299,1,male,40.0,3.449987545831587,Mr,1,1,1,S
300,1,female,50.0,5.515526544247129,Mrs,1,1,2,C
301,1,female,21.5,2.169053700369523,Miss,3,0,1,Q
302,1,male,25.0,3.188416617383492,Mr,3,0,3,Q
303,0,male,19.0,0.0,Mr,3,0,1,S
304,1,female,28.0,2.5915163848462583,Miss,2,1,1,Q
305,0,male,25.0,2.2027647577118348,Mr,3,0,1,S
306,1,male,0.92,5.027492411162679,Master,1,1,4,S
307,1,female,35.0,4.717456363787216,Miss,1,0,1,C
308,1,female,17.0,4.699570861409576,Mrs,1,1,2,C
309,0,male,30.0,3.2188758248682006,Mr,2,0,2,C
310,1,female,30.0,4.0592215752427645,Miss,1,1,1,C
311,1,female,24.0,4.432699549165613,Miss,1,1,1,C
312,1,female,18.0,5.5735788721243535,Miss,1,1,5,C
313,0,female,26.0,3.295836866004329,Mrs,2,0,3,S
314,0,male,28.0,2.1855792552411137,Mr,3,0,1,S
315,0,male,43.0,3.305053521109253,Mr,2,0,3,S
316,1,female,26.0,2.180891922715322,Miss,3,0,1,S
317,1,female,24.0,3.295836866004329,Mrs,2,0,2,S
318,0,male,54.0,2.70805020110221,Rare,2,0,1,S
319,1,female,31.0,5.11118445372147,Miss,1,1,3,S
320,1,female,40.0,4.908971640319756,Mrs,1,1,3,C
321,0,male,22.0,2.1102132003465894,Mr,3,0,1,S
322,0,male,27.0,2.1855792552411137,Mr,3,0,1,S
323,1,female,30.0,2.5915163848462583,Miss,2,0,1,Q
324,1,female,22.0,3.4011973816621555,Mrs,2,0,3,S
325,0,male,25.0,4.256321678298823,Mr,3,0,11,S
326,1,female,36.0,4.91730069488021,Miss,1,1,1,C
327,0,male,61.0,1.9792758428991135,Mr,3,0,1,S
328,1,female,36.0,2.6390573296152584,Mrs,2,1,1,S
329,1,female,31.0,3.0692150503137943,Mrs,3,0,3,S
330,1,female,16.0,4.077184839375167,Miss,1,1,2,C
331,1,female,21.5,3.188416617383492,Miss,3,0,3,Q
332,0,male,45.5,3.3843902633457743,Mr,1,1,1,S
333,0,male,38.0,5.039951348430309,Mr,1,1,2,S
334,0,male,16.0,2.9444389791664403,Mr,3,0,3,S
335,1,female,35.0,4.902678819257608,Mrs,1,0,2,S
336,0,male,25.0,2.1855792552411137,Mr,3,0,1,S
337,0,male,29.0,4.213607983048918,Mr,1,1,2,S
338,1,female,41.0,4.908971640319756,Miss,1,1,1,C
339,1,male,45.0,2.2027647577118348,Mr,3,0,1,S
340,0,male,45.0,3.597312260588446,Mr,1,1,1,S
341,1,male,2.0,3.295836866004329,Master,2,1,3,S
342,1,female,24.0,5.575949103146316,Miss,1,1,6,S
343,0,male,28.0,2.6390573296152584,Mr,2,0,1,S
344,0,male,25.0,2.6390573296152584,Mr,2,0,1,S
345,0,male,36.0,2.6390573296152584,Mr,2,0,1,S
346,1,female,24.0,2.6390573296152584,Miss,2,1,1,S
347,1,female,40.0,2.6390573296152584,Miss,2,0,1,S
348,1,female,21.5,2.8390784635086144,Mrs,3,0,2,S
349,1,male,3.0,2.8273136219290276,Master,3,0,3,S
350,0,male,42.0,2.2682524139135403,Mr,3,0,1,S
351,0,male,23.0,2.3248357019288655,Mr,3,0,1,S
352,0,male,40.0,3.58351893845611,Mr,1,1,1,S
353,0,male,15.0,2.1076888046179385,Mr,3,0,3,C
354,0,male,25.0,2.9338568698359038,Mr,3,0,2,S
355,0,male,25.0,2.1071782966514356,Mr,3,0,1,C
356,0,male,28.0,2.3513752571634776,Mr,3,0,1,S
357,1,female,22.0,4.02535169073515,Miss,1,1,2,S
358,0,female,38.0,2.6390573296152584,Miss,2,0,1,S
359,1,female,21.5,2.1837114628556327,Miss,3,0,1,Q
360,1,female,21.5,2.1837114628556327,Miss,3,0,1,Q
361,0,male,40.0,3.3638415951183864,Mr,3,0,6,S
362,0,male,29.0,3.357621598945279,Mr,2,0,2,C
363,0,female,45.0,2.737880811060884,Mrs,3,0,2,C
364,0,male,35.0,2.0856720914304723,Mr,3,0,1,S
365,0,male,25.0,2.803360380906535,Mr,3,0,2,Q
366,0,male,30.0,2.1102132003465894,Mr,3,0,1,S
367,1,female,60.0,4.334017415487521,Mrs,1,1,2,C
368,1,female,21.5,2.1076888046179385,Mrs,3,0,1,C
369,1,female,21.5,2.169053700369523,Miss,3,0,1,Q
370,1,female,24.0,4.252771798816619,Mrs,1,1,1,C
371,1,male,25.0,4.0332082470129285,Mr,1,1,2,C
372,0,male,18.0,2.0143428636837015,Mr,3,0,2,S
373,0,male,19.0,2.2027647577118348,Mr,3,0,1,S
374,0,male,22.0,4.91730069488021,Mr,1,0,1,C
375,0,female,3.0,3.0944457464900235,Miss,3,0,5,S
376,1,female,35.0,4.420896324687287,Mrs,1,0,2,C
377,1,female,22.0,2.1102132003465894,Miss,3,0,1,S
378,0,male,27.0,5.358941988364472,Mr,1,1,3,C
379,0,male,20.0,1.6119347926326877,Mr,3,0,1,C
380,0,male,19.0,2.1719067693519296,Mr,3,0,1,S
381,1,female,42.0,5.4316456135398825,Miss,1,0,1,C
382,1,female,1.0,2.817902613071225,Miss,3,0,3,C
383,0,male,32.0,2.188856327665703,Mr,3,0,1,S
384,1,female,35.0,3.970291913552122,Mrs,1,0,2,S
385,0,male,25.0,2.1855792552411137,Mr,3,0,1,S
386,0,male,18.0,4.310799125385514,Mr,2,0,1,S
387,0,male,1.0,3.8691155044168695,Master,3,0,8,S
388,1,female,36.0,2.6390573296152584,Miss,2,0,1,S
389,0,male,25.0,2.1666737276227077,Mr,3,0,1,Q
390,1,female,17.0,2.5649493574615367,Miss,2,0,1,C
391,1,male,36.0,4.795790545596741,Mr,1,1,4,S
392,1,male,21.0,2.174274334826008,Mr,3,0,1,S
393,0,male,28.0,2.188856327665703,Mr,3,0,3,S
394,1,female,23.0,4.738607824217808,Miss,1,1,2,C
395,1,female,24.0,2.8735646395797834,Mrs,3,1,3,S
396,0,male,22.0,2.174274334826008,Mr,3,0,1,S
397,0,female,31.0,2.180891922715322,Miss,3,0,1,S
398,0,male,46.0,3.295836866004329,Mr,2,0,1,S
399,0,male,23.0,2.4423470353692043,Rare,2,0,1,S
400,1,female,28.0,2.613739521630969,Mrs,2,0,1,S
401,1,male,39.0,2.188856327665703,Mr,3,0,1,S
402,0,male,26.0,2.2027647577118348,Mr,3,0,1,S
403,0,female,21.0,2.3818582738885534,Miss,3,0,2,S
404,0,male,28.0,2.8243506567983707,Mr,3,0,2,S
405,0,female,20.0,2.2682524139135403,Miss,3,0,1,S
406,0,male,34.0,3.091042453358316,Mr,2,0,2,S
407,0,male,51.0,2.169053700369523,Mr,3,0,1,S
408,1,male,3.0,2.9831534913471307,Master,2,0,3,S
409,0,male,21.0,2.1719067693519296,Mr,3,0,1,S
410,0,female,21.5,3.275887339030031,Miss,3,0,5,S
411,0,male,25.0,2.1855792552411137,Mr,3,0,1,S
412,0,male,25.0,2.061570298060867,Mr,3,0,1,Q
413,1,female,33.0,4.51085950651685,Miss,1,1,2,Q
414,0,male,30.0,0.0,Mr,2,0,1,S
415,1,male,44.0,2.188856327665703,Mr,3,0,1,S
416,0,female,21.5,2.2027647577118348,Mrs,3,0,1,S
417,1,female,34.0,3.5115454388310208,Mrs,2,0,3,S
418,1,female,18.0,2.6390573296152584,Miss,2,0,3,S
419,0,male,30.0,2.6390573296152584,Mr,2,0,1,S
420,0,female,10.0,3.224857896545748,Miss,3,0,3,S
421,0,male,25.0,2.1855792552411137,Mr,3,0,1,C
422,0,male,21.0,2.167143305297764,Mr,3,0,1,Q
423,0,male,29.0,2.1832383353614797,Mr,3,0,1,S
424,0,female,28.0,2.7343675094195836,Mrs,3,0,3,S
425,0,male,18.0,3.0545906305603445,Mr,3,0,3,S
426,0,male,25.0,2.1102132003465894,Mr,3,0,1,S
427,1,female,28.0,3.295836866004329,Mrs,2,0,2,S
428,1,female,19.0,3.295836866004329,Miss,2,0,1,S
429,0,male,25.0,2.169053700369523,Mr,3,0,1,Q
430,1,male,32.0,2.2027647577118348,Mr,3,1,1,S
431,1,male,28.0,3.3160025355989236,Mr,1,1,1,S
432,1,female,21.5,2.8390784635086144,Mrs,3,0,2,S
433,1,female,42.0,3.295836866004329,Mrs,2,0,2,S
434,0,male,17.0,2.094945728215801,Mr,3,0,1,S
435,0,male,50.0,4.041295341132285,Mr,1,1,2,S
436,1,female,14.0,4.795790545596741,Miss,1,1,4,S
437,0,female,21.0,3.5660053559634015,Miss,3,0,5,S
438,1,female,24.0,2.9831534913471307,Mrs,2,0,6,S
439,0,male,64.0,5.575949103146316,Mr,1,1,6,S
440,0,male,31.0,2.4423470353692043,Mr,2,0,1,S
441,1,female,45.0,3.305053521109253,Mrs,2,0,3,S
442,0,male,20.0,2.3513752571634776,Mr,3,0,1,S
443,0,male,25.0,2.1719067693519296,Mr,3,0,2,S
444,1,female,28.0,2.6390573296152584,Miss,2,0,1,S
445,1,male,25.0,2.2096470973347766,Mr,3,0,1,S
446,1,male,4.0,4.417131919904876,Master,1,1,3,S
447,1,female,13.0,3.0204248861443626,Miss,2,0,2,S
448,1,male,34.0,3.3160025355989236,Mr,1,0,1,S
449,1,female,5.0,3.0085645861193133,Miss,3,0,4,C
450,1,male,52.0,3.449987545831587,Rare,1,1,1,S
451,0,male,36.0,3.3586377672433594,Mr,2,0,4,S
452,0,male,25.0,3.0429354648621407,Mr,3,0,2,S
453,0,male,30.0,3.3586377672433594,Mr,1,1,1,C
454,1,male,49.0,4.500966778400217,Mr,1,1,2,C
455,0,male,25.0,2.2027647577118348,Mr,3,0,1,S
456,1,male,29.0,2.1855792552411137,Mr,3,0,1,C
457,0,male,65.0,3.3160025355989236,Mr,1,1,1,S
458,1,female,35.0,3.967694202798607,Mrs,1,1,2,S
459,1,female,50.0,2.4423470353692043,Miss,2,0,1,S
460,0,male,25.0,2.169053700369523,Mr,3,0,1,Q
461,1,male,48.0,3.3160025355989236,Mr,1,1,1,S
462,0,male,34.0,2.2027647577118348,Mr,3,0,1,S
463,0,male,47.0,3.676300671907076,Mr,1,1,1,S
464,0,male,48.0,2.6390573296152584,Mr,2,0,1,S
465,0,male,25.0,2.2027647577118348,Mr,3,0,1,S
466,0,male,38.0,2.0856720914304723,Mr,3,0,1,S
467,0,male,30.0,0.0,Mr,2,0,1,S
468,0,male,56.0,3.3160025355989236,Mr,1,0,1,S
469,0,male,25.0,2.1661924680884908,Mr,3,0,1,Q
470,1,female,0.75,3.0085645861193133,Miss,3,0,4,C
471,0,male,25.0,2.1102132003465894,Mr,3,0,1,S
472,0,male,38.0,2.2682524139135403,Mr,3,0,1,S
473,1,female,33.0,3.3586377672433594,Mrs,2,0,4,S
474,1,female,23.0,2.694066212646058,Mrs,2,1,1,C
475,0,female,22.0,2.3830123421066602,Miss,3,0,1,S
476,0,male,40.0,3.970291913552122,Mr,1,1,1,S
477,0,male,34.0,3.091042453358316,Mr,2,0,2,S
478,0,male,29.0,2.0851502161468174,Mr,3,0,2,S
479,0,male,22.0,2.142510233146819,Mr,3,0,1,S
480,1,female,2.0,2.586823743668066,Miss,3,0,2,S
481,0,male,9.0,3.8691155044168695,Master,3,0,8,S
482,0,male,30.0,0.0,Mr,2,0,1,S
483,0,male,50.0,2.2027647577118348,Mr,3,0,1,S
484,1,female,63.0,2.3596740599781727,Mrs,3,0,1,S
485,1,male,25.0,4.5226490762785785,Mr,1,1,2,C
486,0,female,21.5,3.275887339030031,Miss,3,0,5,S
487,1,female,35.0,4.51085950651685,Mrs,1,1,2,S
488,0,male,58.0,3.4242626545931514,Mr,1,1,1,C
489,0,male,30.0,2.2027647577118348,Mr,3,0,1,S
490,1,male,9.0,2.8273136219290276,Master,3,0,3,S
491,0,male,25.0,3.0429354648621407,Mr,3,0,2,S
492,0,male,21.0,2.1102132003465894,Mr,3,0,1,S
493,0,male,55.0,3.449987545831587,Mr,1,1,1,S
494,0,male,71.0,3.922056501139853,Mr,1,0,1,C
495,0,male,21.0,2.2027647577118348,Mr,3,0,1,S
496,0,male,25.0,2.738146075922933,Mr,3,0,1,C
497,1,female,54.0,4.37281811610993,Miss,1,1,2,C
498,0,male,25.0,2.7788192719904172,Mr,3,0,1,S
499,0,female,25.0,5.027492411162679,Mrs,1,1,4,S
500,0,male,24.0,2.174274334826008,Mr,3,0,1,S
501,0,male,17.0,2.2682524139135403,Mr,3,0,1,S
502,0,female,21.0,2.169053700369523,Miss,3,0,1,Q
503,0,female,21.5,2.155151800914312,Miss,3,0,1,Q
504,0,female,37.0,2.3596740599781727,Miss,3,0,1,S
505,1,female,16.0,4.471638793363569,Miss,1,1,1,S
506,0,male,18.0,4.699570861409576,Mr,1,1,2,C
507,1,female,33.0,3.295836866004329,Mrs,2,0,3,S
508,1,male,40.0,3.3160025355989236,Mr,1,0,1,S
509,0,male,28.0,3.1580636854714434,Mr,3,0,1,S
510,1,male,26.0,4.05171190165724,Mr,3,0,1,S
511,1,male,29.0,2.169053700369523,Mr,3,0,1,Q
512,0,male,25.0,2.2027647577118348,Mr,3,0,1,S
513,1,male,36.0,3.3064287218760624,Mr,1,1,1,S
514,1,female,54.0,4.100989104940769,Mrs,1,0,2,C
515,0,male,24.0,2.139571923732859,Mr,3,0,1,S
516,0,male,47.0,3.5559421706858756,Mr,1,1,1,S
517,1,female,34.0,2.4423470353692043,Mrs,2,1,1,S
518,0,male,25.0,3.224857896545748,Mr,3,0,1,Q
519,1,female,36.0,3.295836866004329,Mrs,2,0,2,S
520,0,male,32.0,2.1855792552411137,Mr,3,0,1,S
521,1,female,30.0,4.548599834499697,Miss,1,1,1,S
522,0,male,22.0,2.1855792552411137,Mr,3,0,1,S
523,0,male,25.0,2.1071782966514356,Mr,3,0,1,C
524,1,female,44.0,4.077184839375167,Mrs,1,1,2,C
525,0,male,25.0,2.1076888046179385,Mr,3,0,1,C
526,0,male,40.5,2.169053700369523,Mr,3,0,1,Q
527,1,female,50.0,2.4423470353692043,Miss,2,0,1,S
528,0,male,40.0,5.406181146423973,Mr,1,1,1,S
529,0,male,39.0,2.188856327665703,Mr,3,0,1,S
530,0,male,23.0,2.5257286443082556,Mr,2,0,4,S
531,1,female,2.0,3.295836866004329,Miss,2,0,3,S
532,0,male,25.0,2.1076888046179385,Mr,3,0,1,C
533,0,male,17.0,2.1076888046179385,Mr,3,0,3,C
534,1,female,21.5,3.1509523813392697,Mrs,3,0,3,C
535,0,female,30.0,2.2682524139135403,Miss,3,0,1,S
536,1,female,7.0,3.305053521109253,Miss,2,0,3,S
537,0,male,45.0,3.3160025355989236,Rare,1,1,1,S
538,1,female,30.0,4.676792929661059,Miss,1,0,1,C
539,0,male,25.0,2.740840023925201,Mr,3,0,1,S
540,1,female,22.0,3.9219733362813143,Miss,1,1,3,C
541,1,female,36.0,4.276666119016055,Miss,1,1,3,S
542,0,female,9.0,3.4742929367327062,Miss,3,0,7,S
543,0,female,11.0,3.4742929367327062,Miss,3,0,7,S
544,1,male,32.0,3.295836866004329,Mr,2,0,2,S
545,0,male,50.0,4.676792929661059,Mr,1,1,2,C
546,0,male,64.0,3.295836866004329,Mr,1,0,1,S
547,1,female,19.0,3.295836866004329,Mrs,2,0,2,S
548,1,male,30.0,2.6988412620169004,Mr,2,0,1,C
549,0,male,33.0,3.0692150503137943,Mr,3,0,3,S
550,1,male,8.0,3.6309854756950335,Master,2,0,3,S
551,1,male,17.0,4.717456363787216,Mr,1,1,3,C
552,0,male,27.0,3.295836866004329,Mr,2,0,1,S
553,0,male,25.0,2.17806441028492,Mr,3,0,1,Q
554,1,male,22.0,2.1071782966514356,Mr,3,0,1,C
555,1,female,22.0,2.1719067693519296,Miss,3,0,1,S
556,0,male,62.0,3.3160025355989236,Mr,1,0,1,S
557,1,female,48.0,3.703768066607687,Rare,1,1,2,C
558,0,male,40.0,5.4316456135398825,Mr,1,0,1,C
559,1,female,39.0,4.390118804571218,Mrs,1,1,3,S
560,1,female,36.0,2.91235066461494,Mrs,3,0,2,S
561,0,male,25.0,2.169053700369523,Mr,3,0,1,Q
562,0,male,40.0,2.1855792552411137,Mr,3,0,1,S
563,0,male,28.0,2.6741486494265287,Mr,2,0,1,S
564,0,male,25.0,2.2027647577118348,Mr,3,0,1,S
565,0,female,21.5,2.2027647577118348,Miss,3,0,1,S
566,0,male,24.0,3.224857896545748,Mr,3,0,3,S
567,0,male,19.0,2.1855792552411137,Mr,3,0,1,S
568,0,female,29.0,3.0944457464900235,Mrs,3,0,5,S
569,0,male,25.0,2.1076888046179385,Mr,3,0,1,C
570,1,male,32.0,2.180891922715322,Mr,3,0,1,S
571,1,male,62.0,2.4423470353692043,Mr,2,0,1,S
572,1,female,53.0,3.960416900617205,Mrs,1,1,3,S
573,1,male,36.0,3.3100867049215847,Mr,1,1,1,S
574,1,female,21.5,2.169053700369523,Miss,3,0,1,Q
575,0,male,16.0,2.2027647577118348,Mr,3,0,1,S
576,0,male,19.0,2.740840023925201,Mr,3,0,1,S
577,1,female,34.0,2.6390573296152584,Miss,2,0,1,S
578,1,female,39.0,4.041295341132285,Mrs,1,1,2,S
579,0,female,21.5,2.738146075922933,Mrs,3,0,2,C
580,1,male,32.0,2.188856327665703,Mr,3,0,1,S
581,1,female,25.0,3.4339872044851463,Miss,2,0,3,S
582,1,female,39.0,4.717456363787216,Mrs,1,1,3,C
583,0,male,54.0,3.295836866004329,Mr,2,0,1,S
584,0,male,36.0,3.716616209085536,Mr,1,1,1,C
585,0,male,25.0,2.2734137156937657,Mr,3,0,1,C
586,1,female,18.0,4.390118804571218,Miss,1,1,3,S
587,0,male,47.0,2.772588722239781,Mr,2,0,1,S
588,1,male,60.0,4.384523514872469,Mr,1,1,3,C
589,0,male,22.0,2.2027647577118348,Mr,3,0,1,S
590,0,male,25.0,2.2027647577118348,Mr,3,0,1,S
591,0,male,35.0,2.094945728215801,Mr,3,0,1,S
592,1,female,52.0,4.37281811610993,Mrs,1,1,2,C
593,0,male,47.0,2.1102132003465894,Mr,3,0,1,S
594,0,female,21.5,2.169053700369523,Miss,3,0,3,Q
595,0,male,37.0,3.295836866004329,Mr,2,0,2,S
596,0,male,36.0,3.224857896545748,Mr,3,0,3,S
597,1,female,28.0,3.5263605246161616,Miss,2,0,1,S
598,0,male,49.0,0.0,Mr,3,0,1,S
599,0,male,25.0,2.1071782966514356,Mr,3,0,1,C
600,1,male,49.0,4.0592215752427645,Rare,1,1,2,C
601,1,female,24.0,3.332204510175204,Mrs,2,0,4,S
602,0,male,25.0,2.1855792552411137,Mr,3,0,1,S
603,0,male,40.0,3.770459441106359,Mr,1,0,1,S
604,0,male,44.0,2.2027647577118348,Mr,3,0,1,S
605,1,male,35.0,3.3160025355989236,Mr,1,0,1,C
606,0,male,36.0,2.806386101823072,Mr,3,0,2,S
607,0,male,30.0,2.1855792552411137,Mr,3,0,1,S
608,1,male,27.0,3.449987545831587,Mr,1,0,1,S
609,1,female,22.0,3.7513658711253766,Mrs,2,0,4,C
610,1,female,40.0,5.039951348430309,Miss,1,1,1,S
611,0,female,39.0,3.4742929367327062,Mrs,3,0,7,S
612,0,male,25.0,2.0856720914304723,Mr,3,0,1,S
613,1,female,21.5,2.803360380906535,Miss,3,0,2,Q
614,0,male,25.0,2.169053700369523,Mr,3,0,1,Q
615,0,male,35.0,2.2027647577118348,Mr,3,0,1,S
616,1,female,24.0,4.189654742026425,Miss,2,0,4,S
617,0,male,34.0,2.7343675094195836,Mr,3,0,3,S
618,0,female,26.0,2.8390784635086144,Mrs,3,0,2,S
619,1,female,4.0,3.6888794541139363,Miss,2,1,4,S
620,0,male,26.0,2.4423470353692043,Mr,2,0,1,S
621,0,male,27.0,2.737880811060884,Mr,3,0,2,C
622,1,male,42.0,3.9806942251907276,Mr,1,1,2,S
623,1,male,20.0,2.817902613071225,Mr,3,0,3,C
624,0,male,21.0,2.180891922715322,Mr,3,0,1,S
625,0,male,21.0,2.8390784635086144,Mr,3,0,1,S
626,0,male,61.0,3.5061818266142577,Mr,1,1,1,S
627,0,male,57.0,2.5915163848462583,Rare,2,0,1,Q
628,1,female,21.0,4.368919865004903,Miss,1,1,1,S
629,0,male,26.0,2.1855792552411137,Mr,3,0,1,S
630,0,male,25.0,2.167143305297764,Mr,3,0,1,Q
631,1,male,80.0,3.4339872044851463,Mr,1,1,1,S
632,0,male,51.0,2.086193694502369,Mr,3,0,1,S
633,1,male,32.0,3.449987545831587,Rare,1,1,1,C
634,0,male,40.0,0.0,Mr,1,0,1,S
635,0,female,9.0,3.3638415951183864,Miss,3,0,6,S
636,1,female,28.0,2.6390573296152584,Miss,2,0,1,S
637,0,male,32.0,2.188856327665703,Mr,3,0,1,S
638,0,male,31.0,3.305053521109253,Mr,2,0,3,S
639,0,female,41.0,3.705920919968788,Mrs,3,0,6,S
640,0,male,25.0,2.8390784635086144,Mr,3,0,2,S
641,0,male,20.0,2.180891922715322,Mr,3,0,1,S
642,1,female,24.0,4.252771798816619,Miss,1,1,1,C
643,0,female,2.0,3.3638415951183864,Miss,3,0,6,S
644,1,male,25.0,4.05171190165724,Mr,3,0,1,S
645,1,female,0.75,3.0085645861193133,Miss,3,0,4,C
646,1,male,48.0,4.353230991152628,Mr,1,1,2,C
647,0,male,19.0,2.1855792552411137,Mr,3,0,1,S
648,1,male,56.0,3.597312260588446,Rare,1,1,1,C
649,0,male,25.0,2.145931282948669,Mr,3,0,1,S
650,1,female,23.0,2.145931282948669,Miss,3,0,1,S
651,0,male,25.0,2.1855792552411137,Mr,3,0,1,S
652,1,female,18.0,3.1780538303479458,Miss,2,0,2,S
653,0,male,21.0,2.2442459824059346,Mr,3,0,1,S
654,1,female,21.5,2.17806441028492,Miss,3,0,1,Q
655,0,female,18.0,2.0476928433652555,Miss,3,0,1,Q
656,0,male,24.0,4.310799125385514,Mr,2,0,3,S
657,0,male,25.0,2.1855792552411137,Mr,3,0,1,S
658,0,female,32.0,2.803360380906535,Mrs,3,0,3,Q
659,0,male,23.0,2.6390573296152584,Mr,2,0,1,S
660,0,male,58.0,4.738607824217808,Mr,1,1,3,C
661,1,male,50.0,4.902678819257608,Rare,1,0,3,S
662,0,male,40.0,2.1071782966514356,Mr,3,0,1,C
663,0,male,47.0,3.2804411805263554,Mr,1,1,1,S
664,0,male,36.0,2.139571923732859,Mr,3,0,1,S
665,1,male,20.0,2.188856327665703,Mr,3,0,2,S
666,0,male,32.0,4.310799125385514,Mr,2,0,3,S
667,0,male,25.0,2.6390573296152584,Mr,2,0,1,S
668,0,male,25.0,2.1719067693519296,Mr,3,0,1,S
669,0,male,43.0,2.2027647577118348,Mr,3,0,1,S
670,1,female,35.0,3.970291913552122,Mrs,1,1,2,S
671,1,female,40.0,3.6888794541139363,Mrs,2,0,3,S
672,0,male,31.0,3.970291913552122,Mr,1,1,2,S
673,0,male,70.0,2.4423470353692043,Mr,2,0,1,S
674,1,male,31.0,2.6390573296152584,Mr,2,0,1,S
675,0,male,30.0,0.0,Mr,2,0,1,S
676,0,male,18.0,2.1719067693519296,Mr,3,0,1,S
677,0,male,24.5,2.2027647577118348,Mr,3,0,1,S
678,1,female,18.0,2.3833998102837652,Miss,3,0,1,S
679,0,female,43.0,3.8691155044168695,Mrs,3,0,8,S
680,1,male,36.0,6.240917354759096,Mr,1,1,2,C
681,0,female,21.5,2.212386825075897,Miss,3,0,1,Q
682,1,male,27.0,4.353230991152628,Mr,1,1,1,C
683,0,male,20.0,2.3248357019288655,Mr,3,0,1,S
684,0,male,14.0,3.8691155044168695,Mr,3,0,8,S
685,0,male,60.0,3.6888794541139363,Mr,2,0,3,S
686,0,male,25.0,3.7513658711253766,Mr,2,0,4,C
687,0,male,14.0,3.705920919968788,Mr,3,0,6,S
688,0,male,19.0,2.4133032309283076,Mr,3,0,1,S
689,0,male,18.0,2.174274334826008,Mr,3,0,1,S
690,1,female,15.0,5.35817698994543,Miss,1,1,2,S
691,1,male,31.0,4.060443010546419,Mr,1,1,2,S
692,1,female,4.0,2.668387256845834,Miss,3,0,2,C
693,1,male,25.0,4.05171190165724,Mr,3,0,1,S
694,0,male,25.0,2.1071782966514356,Mr,3,0,1,C
695,0,male,60.0,3.3160025355989236,Rare,1,0,1,S
696,0,male,52.0,2.6741486494265287,Mr,2,0,1,S
697,0,male,44.0,2.2027647577118348,Mr,3,0,1,S
698,1,female,21.5,2.167143305297764,Miss,3,0,1,Q
699,0,male,49.0,4.717456363787216,Mr,1,1,3,C
700,0,male,42.0,2.157559320943788,Mr,3,1,1,S
701,1,female,18.0,5.4316456135398825,Mrs,1,1,2,C
702,1,male,35.0,3.3064287218760624,Mr,1,1,1,S
703,0,female,18.0,2.737880811060884,Miss,3,0,2,C
704,0,male,25.0,2.1681046787623672,Mr,3,0,1,Q
705,0,male,26.0,2.180891922715322,Mr,3,0,2,S
706,0,male,39.0,3.295836866004329,Mr,2,0,1,S
707,1,female,45.0,2.6741486494265287,Mrs,2,0,1,S
708,1,male,42.0,3.3064287218760624,Mr,1,1,1,S
709,1,female,22.0,5.027492411162679,Miss,1,0,1,S
710,1,male,25.0,2.7878344138303452,Master,3,0,3,C
711,1,female,24.0,3.922056501139853,Miss,1,1,1,C
712,0,male,40.0,3.3160025355989236,Mr,1,1,1,S
713,1,male,48.0,3.970291913552122,Mr,1,1,2,S
714,0,male,29.0,2.3497835148230464,Mr,3,0,1,S
715,0,male,52.0,2.6390573296152584,Mr,2,0,1,S
716,0,male,19.0,2.157559320943788,Mr,3,1,1,S
717,1,female,38.0,5.4316456135398825,Miss,1,1,1,C
718,1,female,27.0,2.4423470353692043,Miss,2,1,1,S
719,0,male,25.0,2.803360380906535,Mr,3,0,1,Q
720,0,male,33.0,2.1719067693519296,Mr,3,0,1,S
721,1,female,6.0,3.5263605246161616,Miss,2,0,2,S
722,0,male,17.0,2.086193694502369,Mr,3,0,2,S
723,0,male,34.0,2.6390573296152584,Mr,2,0,1,S
724,0,male,50.0,2.6390573296152584,Mr,2,0,1,S
725,1,male,27.0,3.9908341858524357,Mr,1,1,2,S
726,0,male,20.0,2.2682524139135403,Mr,3,0,1,S
727,1,female,30.0,3.091042453358316,Mrs,2,0,4,S
728,1,female,21.5,2.1676241075599285,Miss,3,0,1,Q
729,0,male,25.0,3.295836866004329,Mr,2,0,2,S
730,0,female,25.0,2.188856327665703,Miss,3,0,2,S
731,1,female,29.0,5.35817698994543,Miss,1,1,1,S
732,0,male,11.0,2.9850504252071306,Mr,3,0,1,C
733,0,male,30.0,0.0,Mr,2,0,1,S
734,0,male,23.0,2.6390573296152584,Mr,2,0,1,S
735,0,male,23.0,2.6390573296152584,Mr,2,0,1,S
736,0,male,28.5,2.8390784635086144,Mr,3,0,1,S
737,0,female,48.0,3.5660053559634015,Mrs,3,0,5,S
738,1,male,35.0,6.240917354759096,Mr,1,1,1,C
739,0,male,25.0,2.1855792552411137,Mr,3,0,1,S
740,0,male,25.0,2.1855792552411137,Mr,3,0,1,S
741,1,male,40.0,3.4339872044851463,Mr,1,1,1,S
742,0,male,36.0,4.380149874661021,Mr,1,1,2,S
743,1,female,21.0,5.5735788721243535,Miss,1,1,5,C
744,0,male,24.0,2.8390784635086144,Mr,3,0,2,S
745,1,male,31.0,2.188856327665703,Mr,3,0,1,S
746,0,male,70.0,4.276666119016055,Rare,1,1,3,S
747,0,male,16.0,3.056356895370426,Mr,3,0,3,S
748,1,female,30.0,2.6390573296152584,Miss,2,0,1,S
749,0,male,19.0,3.9908341858524357,Mr,1,1,2,S
750,0,male,31.0,2.169053700369523,Mr,3,0,1,Q
751,1,female,4.0,3.1780538303479458,Miss,2,0,3,S
752,1,male,6.0,2.600836116795061,Master,3,1,2,S
753,0,male,33.0,2.3513752571634776,Mr,3,0,1,S
754,0,male,23.0,2.1855792552411137,Mr,3,0,1,S
755,1,female,48.0,4.189654742026425,Mrs,2,0,4,S
756,1,male,0.67,2.740840023925201,Master,2,0,3,S
757,0,male,28.0,2.174274334826008,Mr,3,0,1,S
758,0,male,18.0,2.5257286443082556,Mr,2,0,1,S
759,0,male,34.0,2.2027647577118348,Mr,3,0,1,S
760,1,female,33.0,4.471638793363569,Rare,1,1,1,S
761,0,male,25.0,2.740840023925201,Mr,3,0,1,S
762,0,male,41.0,2.094945728215801,Mr,3,0,1,S
763,1,male,20.0,2.1076888046179385,Mr,3,0,1,C
764,1,female,36.0,4.795790545596741,Mrs,1,1,4,S
765,0,male,16.0,2.1719067693519296,Mr,3,0,1,S
766,1,female,51.0,4.368919865004903,Mrs,1,1,2,S
767,0,male,40.0,3.703768066607687,Rare,1,0,1,C
768,0,female,30.5,2.169053700369523,Miss,3,0,1,Q
769,0,male,25.0,3.224857896545748,Mr,3,0,2,Q
770,0,male,32.0,2.236712348843338,Mr,3,0,1,S
771,0,male,24.0,2.3513752571634776,Mr,3,0,1,S
772,0,male,48.0,2.180891922715322,Mr,3,0,1,S
773,0,female,57.0,2.4423470353692043,Mrs,2,1,1,S
774,0,male,25.0,2.1071782966514356,Mr,3,0,1,C
775,1,female,54.0,3.1780538303479458,Mrs,2,0,5,S
776,0,male,18.0,2.169053700369523,Mr,3,0,1,S
777,0,male,25.0,2.169053700369523,Mr,3,1,1,Q
778,1,female,5.0,2.600836116795061,Miss,3,0,1,S
779,0,male,25.0,2.1676241075599285,Mr,3,0,1,Q
780,1,female,43.0,5.35817698994543,Mrs,1,1,2,S
781,1,female,13.0,2.1076888046179385,Miss,3,0,1,C
782,1,female,17.0,4.060443010546419,Mrs,1,1,2,S
783,0,male,29.0,3.4339872044851463,Mr,1,1,1,S
784,0,male,25.0,3.196630215920881,Mr,3,0,4,S
785,0,male,25.0,2.0856720914304723,Mr,3,0,1,S
786,0,male,25.0,2.1102132003465894,Mr,3,0,1,S
787,1,female,18.0,2.139571923732859,Miss,3,0,1,S
788,0,male,8.0,3.405355391810819,Master,3,0,6,Q
789,1,male,1.0,3.0715352369694915,Master,3,0,4,S
790,0,male,46.0,4.384523514872469,Mr,1,1,1,C
791,0,male,25.0,2.169053700369523,Mr,3,0,1,Q
792,0,male,16.0,3.295836866004329,Mr,2,0,1,S
793,0,female,21.5,4.256321678298823,Miss,3,0,11,S
794,0,male,40.0,3.4561841799918147,Mr,1,0,1,C
795,0,male,25.0,2.1855792552411137,Mr,3,0,1,S
796,0,male,39.0,2.6390573296152584,Mr,2,0,1,S
797,1,female,49.0,3.2932111997353943,Rare,1,1,1,S
798,1,female,31.0,2.270402752283094,Mrs,3,0,1,S
799,0,male,30.0,2.1076888046179385,Mr,3,0,1,C
800,0,female,30.0,3.224857896545748,Mrs,3,0,3,S
801,0,male,34.0,2.6390573296152584,Mr,2,0,1,S
802,1,female,31.0,3.305053521109253,Mrs,2,0,3,S
803,1,male,11.0,4.795790545596741,Master,1,1,4,S
804,1,male,0.42,2.2530481500547457,Master,3,0,2,C
805,1,male,27.0,2.076311648670908,Mr,3,0,1,S
806,0,male,31.0,2.1719067693519296,Mr,3,0,1,S
807,0,male,39.0,0.0,Mr,1,1,1,S
808,0,female,18.0,2.1719067693519296,Miss,3,0,1,S
809,0,male,39.0,2.6390573296152584,Mr,2,0,1,S
810,1,female,33.0,3.9908341858524357,Mrs,1,1,2,S
811,0,male,26.0,2.184645795129359,Mr,3,0,1,S
812,0,male,39.0,3.224857896545748,Mr,3,0,1,S
813,0,male,35.0,2.4423470353692043,Mr,2,0,1,S
814,0,female,6.0,3.4742929367327062,Miss,3,0,7,S
815,0,male,30.5,2.2027647577118348,Mr,3,0,1,S
816,0,male,40.0,0.0,Mr,1,1,1,S
817,0,female,23.0,2.188856327665703,Miss,3,0,1,S
818,0,male,31.0,3.637696679934592,Mr,2,0,3,C
819,0,male,43.0,2.0082140323914683,Mr,3,0,1,S
820,0,male,10.0,3.3638415951183864,Master,3,0,6,S
821,1,female,52.0,4.548599834499697,Mrs,1,1,3,S
822,1,male,27.0,2.2682524139135403,Mr,3,0,1,S
823,0,male,38.0,0.0,Rare,1,0,1,S
824,1,female,27.0,2.600836116795061,Mrs,3,1,2,S
825,0,male,2.0,3.705920919968788,Master,3,0,6,S
826,0,male,25.0,2.0731719286662407,Mr,3,0,1,Q
827,0,male,25.0,4.05171190165724,Mr,3,0,1,S
828,1,male,1.0,3.637696679934592,Master,2,0,3,C
829,1,male,25.0,2.169053700369523,Mr,3,0,1,Q
830,1,female,62.0,4.394449154672439,Mrs,1,1,1,S
831,1,female,15.0,2.737880811060884,Mrs,3,0,2,C
832,1,male,0.83,2.9831534913471307,Master,2,0,3,S
833,0,male,25.0,2.1076888046179385,Mr,3,0,1,C
834,0,male,23.0,2.180891922715322,Mr,3,0,1,S
835,0,male,18.0,2.2300144001592104,Mr,3,0,1,S
836,1,female,39.0,4.432699549165613,Miss,1,1,3,C
837,0,male,21.0,2.2682524139135403,Mr,3,0,1,S
838,0,male,25.0,2.2027647577118348,Mr,3,0,1,S
839,1,male,32.0,4.05171190165724,Mr,3,0,1,S
840,1,male,40.0,3.4242626545931514,Mr,1,1,1,C
841,0,male,20.0,2.188856327665703,Mr,3,0,1,S
842,0,male,16.0,2.4423470353692043,Mr,2,0,1,S
843,1,female,30.0,3.4657359027997265,Miss,1,0,1,C
844,0,male,34.5,2.006534770871748,Mr,3,0,1,C
845,0,male,17.0,2.2682524139135403,Mr,3,0,1,S
846,0,male,42.0,2.145931282948669,Mr,3,0,1,S
847,0,male,25.0,4.256321678298823,Mr,3,0,11,S
848,0,male,35.0,2.1855792552411137,Mr,3,0,1,C
849,0,male,28.0,3.5263605246161616,Rare,2,0,2,S
850,1,female,35.0,4.500966778400217,Mrs,1,1,2,C
851,0,male,4.0,3.4742929367327062,Master,3,0,7,S
852,0,male,74.0,2.1719067693519296,Mr,3,0,1,S
853,0,female,9.0,2.7878344138303452,Miss,3,0,3,C
854,1,female,16.0,3.6988297849671046,Miss,1,1,2,S
855,0,female,44.0,3.295836866004329,Mrs,2,0,2,S
856,1,female,18.0,2.336986519711378,Mrs,3,0,2,S
857,1,female,45.0,5.11118445372147,Mrs,1,0,3,S
858,1,male,51.0,3.3160025355989236,Mr,1,1,1,S
859,1,female,24.0,3.0085645861193133,Mrs,3,0,4,C
860,0,male,25.0,2.1076888046179385,Mr,3,0,1,C
861,0,male,41.0,2.7152442616824506,Mr,3,0,3,S
862,0,male,21.0,2.5257286443082556,Mr,2,0,2,S
863,1,female,48.0,3.2932111997353943,Mrs,1,1,1,S
864,0,female,21.5,4.256321678298823,Miss,3,0,11,S
865,0,male,24.0,2.6390573296152584,Mr,2,0,1,S
866,1,female,42.0,2.6390573296152584,Mrs,2,0,1,S
867,1,female,27.0,2.698558631668595,Miss,2,0,2,C
868,0,male,31.0,3.941500250945973,Mr,1,1,1,S
869,0,male,25.0,2.3513752571634776,Mr,3,0,1,S
870,1,male,4.0,2.495953738718064,Master,3,0,3,S
871,0,male,26.0,2.1855792552411137,Mr,3,0,1,S
872,1,female,47.0,3.9806942251907276,Mrs,1,1,3,S
873,0,male,33.0,1.791759469228055,Mr,1,1,1,S
874,0,male,47.0,2.302585092994046,Mr,3,0,1,S
875,1,female,28.0,3.2188758248682006,Mrs,2,0,2,C
876,1,female,15.0,2.1071782966514356,Miss,3,0,1,C
877,0,male,20.0,2.3837779082709782,Mr,3,0,1,S
878,0,male,19.0,2.1855792552411137,Mr,3,0,1,S
879,0,male,25.0,2.1855792552411137,Mr,3,0,1,S
880,1,female,56.0,4.432699549165613,Mrs,1,1,2,C
881,1,female,25.0,3.295836866004329,Mrs,2,0,2,S
882,0,male,33.0,2.1855792552411137,Mr,3,0,1,S
883,0,female,22.0,2.4437981558973862,Miss,3,0,1,S
884,0,male,28.0,2.4423470353692043,Mr,2,0,1,S
885,0,male,25.0,2.0856720914304723,Mr,3,0,1,S
886,0,female,39.0,3.405355391810819,Mrs,3,0,6,Q
887,0,male,27.0,2.6390573296152584,Rare,2,0,1,S
888,1,female,19.0,3.4339872044851463,Miss,1,1,1,S
889,0,female,21.5,3.196630215920881,Miss,3,0,4,S
890,1,male,26.0,3.4339872044851463,Mr,1,1,1,C
891,0,male,32.0,2.169053700369523,Mr,3,0,1,Q
